4477-bin,1,"To prevent page flashing, the optimizely JS needs to be loaded in the"
4477-bin,2,<head> tag before the DOM renders
4477-bin,3,Skip to content
4477-bin,4,Sign up
4477-bin,5,Hosting
4477-bin,6,Explore
4477-bin,7,Explore GitHub →
4477-bin,8,Learn & contribute
4477-bin,9,Learning Lab
4477-bin,10,Connect with others
4477-bin,11,Compare plans
4477-bin,12,Jump to
4477-bin,13,Jump to
4477-bin,14,Jump to
4477-bin,15,Sign in
4477-bin,16,Sign up
4477-bin,17,Watch
4477-bin,18,Fork
4477-bin,19,Pull requests
4477-bin,20,Pull requests
4477-bin,21,Dismiss
4477-bin,22,Join GitHub today
4477-bin,23,"GitHub is home to over 50 million developers working together to host and review code, manage projects, and build software together."
4477-bin,24,Sign up
4477-bin,25,GitHub is where the world builds software
4477-bin,26,"Millions of developers and companies build, ship, and maintain their software on GitHub — the largest and most advanced development platform in the world."
4477-bin,27,Sign up for free
4477-bin,28,Dismiss
4477-bin,29,Go to file
4477-bin,30,Go to file
4477-bin,31,Go to line
4477-bin,32,Cannot retrieve contributors at this time
4477-bin,33,Blame
4477-bin,34,# Extract the attachment of the first pdf file
4477-bin,35,# get the pdf10000.pdf and use the script.
4477-bin,36,done
4477-bin,37,View git blame
4477-bin,38,Help
4477-bin,39,You can't perform that action at this time.
4477-bin,40,You signed in with another tab or window
4477-bin,41,Reload to refresh your session.
4477-bin,42,You signed out in another tab or window
4477-bin,43,Reload to refresh your session.
4477-bin,44,We use optional third-party analytics cookies to understand how you use GitHub.com so we can build better products.
4477-bin,45,Learn more.
4477-bin,46,Accept
4477-bin,47,Reject
4477-bin,48,We use optional third-party analytics cookies to understand how you use GitHub.com so we can build better products.
4477-bin,49,You can always update your selection by clicking Cookie Preferences at the bottom of the page.
4477-bin,50,"For more information, see our Privacy Statement."
4477-bin,51,"We use essential cookies to perform essential website functions, e.g"
4477-bin,52,they're used to log you in.
4477-bin,53,Learn more
4477-bin,54,"We use analytics cookies to understand how you use our websites so we can make them better, e.g"
4477-bin,55,they're used to gather information about the pages you visit and how many clicks you need to accomplish a task.
4477-bin,56,Learn more
4477-bin,57,Accept
4477-bin,58,Reject
