6067-bin,1,Skip to content
6067-bin,2,Sign up
6067-bin,3,Hosting
6067-bin,4,Explore
6067-bin,5,Explore GitHub →
6067-bin,6,Learn & contribute
6067-bin,7,Learning Lab
6067-bin,8,Connect with others
6067-bin,9,Compare plans
6067-bin,10,Jump to
6067-bin,11,Jump to
6067-bin,12,Jump to
6067-bin,13,Sign in
6067-bin,14,Sign up
6067-bin,15,Watch
6067-bin,16,Fork
6067-bin,17,Pull requests
6067-bin,18,Pull requests
6067-bin,19,Go to file
6067-bin,20,Git stats
6067-bin,21,Failed to load latest commit information.
6067-bin,22,The memory not cleared after garbage collection
6067-bin,23,So we can leak one byte per time to bypass PIE.
6067-bin,24,The pointer to work line are not updated after deletion
6067-bin,25,So we can insert an egg into the pointer of storage and forge the function pointer.
6067-bin,26,"Since server still available, here is the flag"
6067-bin,27,Help
6067-bin,28,You can't perform that action at this time.
6067-bin,29,You signed in with another tab or window
6067-bin,30,Reload to refresh your session.
6067-bin,31,You signed out in another tab or window
6067-bin,32,Reload to refresh your session.
6067-bin,33,We use optional third-party analytics cookies to understand how you use GitHub.com so we can build better products.
6067-bin,34,Learn more.
6067-bin,35,Accept
6067-bin,36,Reject
6067-bin,37,We use optional third-party analytics cookies to understand how you use GitHub.com so we can build better products.
6067-bin,38,You can always update your selection by clicking Cookie Preferences at the bottom of the page.
6067-bin,39,"For more information, see our Privacy Statement."
6067-bin,40,"We use essential cookies to perform essential website functions, e.g"
6067-bin,41,they're used to log you in.
6067-bin,42,Learn more
6067-bin,43,"We use analytics cookies to understand how you use our websites so we can make them better, e.g"
6067-bin,44,they're used to gather information about the pages you visit and how many clicks you need to accomplish a task.
6067-bin,45,Learn more
6067-bin,46,Accept
6067-bin,47,Reject
