3417-bin,1,"Check out my shades! If you want the flag, I guess you should be basic like me"
3417-bin,2,ارسال نظر آزاد است، اما اگر قبلا در بیان ثبت نام کرده اید می توانید ابتدا وارد شوید.
3417-bin,3,نظر شما به هیچ وجه امکان عمومی شدن در قسمت نظرات را ندارد، و تنها راه پاسخگویی به آن نیز از طریق پست الکترونیک می‌باشد
3417-bin,4,بنابراین در صورتیکه مایل به دریافت پاسخ هستید، پست الکترونیک خود را وارد کنید.
3417-bin,5,پست الکترونیک برای عموم قابل مشاهده باشد
3417-bin,6,قدرت گرفته از بلاگ بیان
